5895745503, NTY3NzIzNDQ1Mjo5NDU0NTAzOTkwOA--, Houston Galleria| West University Place, smoke free rooms|fitness center|pool(s)|restaurant(s)|business center|laundry facilities|high-speed internet access, 3.5, 51.00, 14.78, 1, 65.78, 80, 3.5
5517127241, NTY3NzIzNDQ1Mjo5NDU0NTAzOTg2MQ--, Houston Galleria| West University Place, fitness center|pool(s)|restaurant(s)|business center|high-speed internet access, 4.0, 72.00, 18.47, 1, 90.47, 90, 4.0
6556055961, NTY3NzIzNDQ1Mjo5NDU0NTAyNzg5OQ--, Houston Galleria| West University Place, fitness center|business center, 3.0, 51.00, 14.78, 1, 65.78, 95, 
6473769879, NTY3NzIzNDQ1Mjo5NDU0NTAzOTg1NQ--, Downtown Houston| Houston, fitness center|pool(s)|restaurant(s)|business center|high-speed internet access|spa services, 4.0, 94.00, 23.17, 1, 117.17, 95, 4.0
6639818905, NTY3NzIzNDQ1Mjo5NDU0NTAzOTkxMQ--, Houston Galleria| West University Place, laundry facilities, 2.0, 41.00, 13.13, 1, 54.13, 100, 
5391192762, NTY3NzIzNDQ1Mjo5NDU0NTAzOTg1Nw--, Medical Center - Astrodome| VA Hospital, fitness center|pool(s)|restaurant(s)|golf nearby, 3.0, 53.00, 15.19, 1, 68.19, 85, 3.5
6517893454, NTY3NzIzNDQ1Mjo5NDU0NTAzOTkwMg--, Houston West - Energy Corridor| Spring Valley, fitness center|pool(s)|business center|high-speed internet access, 3.0, 41.00, 13.13, 1, 54.13, 95, 
5848778019, NTY3NzIzNDQ1Mjo5NDU0NTAzOTg3MA--, Downtown Houston| Houston, fitness center|restaurant(s)|business center, 3.5, 101.00, 24.28, 1, 125.28, 85, 3.5
6822868522, NTY3NzIzNDQ1Mjo5NDU0NTAzOTg2Ng--, Aldine - Bush Ictl Airport IAH| Humble, smoke free rooms|airport shuttle|fitness center|pool(s)|restaurant(s)|business center|laundry facilities|high-speed internet access|golf nearby, 3.5, 56.00, 15.60, 1, 71.60, 90, 3.0
5305305275, NTY3NzIzNDQ1Mjo5NDU0NTAzOTkxNw--, NW Houston - Brookhollow| Spring Valley, fitness center|pool(s)|restaurant(s)|business center|laundry facilities, 3.0, 47.00, 14.16, 1, 61.16, 95, 4.0
6006043682, NTY3NzIzNDQ1Mjo5NDU0NTAzOTg1Ng--, Medical Center - Astrodome| VA Hospital, fitness center|pool(s)|laundry facilities, 2.5, 45.00, 13.75, 1, 58.75, 75, 3.0
5924235450, NTY3NzIzNDQ1Mjo5NDU0NTAzOTg2NQ--, NW Houston - Brookhollow| Spring Valley, fitness center|pool(s)|laundry facilities, 2.5, 35.00, 12.11, 1, 47.11, 80, 
5867714638, NTY3NzIzNDQ1Mjo5NDU0NTAzOTg4Ng--, Houston Hobby Airport HOU| South Houston, pool(s)|laundry facilities, 3.0, 53.00, 15.19, 1, 68.19, 90, 
5876147742, NTY3NzIzNDQ1Mjo5NDU0NTAzOTg1OA--, Medical Center - Astrodome| VA Hospital, fitness center|pool(s)|restaurant(s)|business center|high-speed internet access|golf nearby, 3.5, 86.00, 21.73, 1, 107.73, 50, 3.0
6216305605, NTY3NzIzNDQ1Mjo5NDU0NTAzOTg4OQ--, SW Houston - Sugar Land| Sugar Land, fitness center|pool(s)|restaurant(s)|laundry facilities|golf nearby, 3.0, 41.00, 13.13, 1, 54.13, 80, 3.5
5412296967, NTY3NzIzNDQ1Mjo5NDU0NTAzOTg1OQ--, Medical Center - Astrodome| VA Hospital, , 2.0, 38.00, 12.63, 1, 50.63, , 
5865484030, NTY3NzIzNDQ1Mjo5NDU0NTAzOTkyNw--, East Houston - Cloverleaf| Jacinto City, complimentary breakfast|pool(s)|high-speed internet access, 3.0, 48.00, 14.37, 1, 62.37, 65, 
6743927510, NTY3NzIzNDQ1Mjo5NDU0NTAzOTg3Mw--, Houston West - Energy Corridor| Spring Valley, laundry facilities, 2.0, 29.00, 11.08, 1, 40.08, 75, 
6758161178, NTY3NzIzNDQ1Mjo5NDU0NTAyNzg5NA--, NW Houston - Brookhollow| Spring Valley, smoke free rooms|fitness center|pool(s)|restaurant(s)|laundry facilities|high-speed internet access|golf nearby, 3.5, 83.00, 21.32, 1, 104.32, 95, 3.5
5192100584, NTY3NzIzNDQ1Mjo5NDU0NTAzOTkxNQ--, NW Houston - Brookhollow| Spring Valley, suite|fitness center|kitchenette, 2.0, 32.00, 11.49, 1, 43.49, 65, 
6547321240, NTY3NzIzNDQ1Mjo5NDU0NTAzOTg3Mg--, Aldine - Bush Ictl Airport IAH| Humble, airport shuttle|fitness center|pool(s)|business center, 3.0, 47.00, 14.16, 1, 61.16, 45, 
6733826161, NTY3NzIzNDQ1Mjo5NDU0NTAzOTg4MA--, Aldine - Bush Ictl Airport IAH| Humble, smoke free rooms|high-speed internet access, 2.5, 39.00, 12.72, 1, 51.72, , 
5723281831, NTY3NzIzNDQ1Mjo5NDU0NTAzOTg5OQ--, Channelview| Channelview, complimentary breakfast|fitness center|pool(s)|business center|laundry facilities|high-speed internet access, 3.0, 48.00, 14.37, 1, 62.37, 85, 4.0
5454277692, NTY3NzIzNDQ1Mjo5NDU0NTAzOTg5Nw--, SW Houston - Sugar Land| Sugar Land, complimentary breakfast|pool(s)|laundry facilities|high-speed internet access, 2.5, 39.00, 12.72, 1, 51.72, 75, 3.5
6060579681, NTY3NzIzNDQ1Mjo5NDU0NTAzOTg5MQ--, Aldine - Bush Ictl Airport IAH| Humble, pool(s)|laundry facilities, 2.0, 30.00, 11.29, 1, 41.29, 45, 
6240295217, NTY3NzIzNDQ1Mjo5NDU0NTAzOTkxMA--, East Houston - Cloverleaf| Jacinto City, complimentary breakfast|fitness center|pool(s)|business center|laundry facilities|high-speed internet access, 2.5, 48.00, 14.37, 1, 62.37, , 4.0
5081501551, NTY3NzIzNDQ1Mjo5NDU0NTAzOTkyMA--, Willowbrook - Cypress Station| North Houston, laundry facilities, 2.0, 29.00, 11.08, 1, 40.08, 85, 
5757041832, NTY3NzIzNDQ1Mjo5NDU0NTAzOTg2OQ--, Houston West - Energy Corridor| Spring Valley, complimentary breakfast|fitness center|pool(s)|laundry facilities|high-speed internet access, 2.5, 47.00, 14.16, 1, 61.16, , 3.5
6341622291, NTY3NzIzNDQ1Mjo5NDU0NTAzOTkwMA--, Houston West - Energy Corridor| Spring Valley, fitness center|pool(s)|restaurant(s)|business center|high-speed internet access|tennis nearby, 4.0, 140.00, 31.05, 1, 171.05, 95, 4.0
5875541543, NTY3NzIzNDQ1Mjo5NDU0NTAzOTg3NQ--, SW Houston - Sugar Land| Sugar Land, high-speed internet access, 2.0, 33.00, 11.68, 1, 44.68, 65, 
6019491647, NTY3NzIzNDQ1Mjo5NDU0NTAzOTkwOQ--, Baytown| Baytown, complimentary breakfast|fitness center|pool(s)|laundry facilities, 3.0, 42.00, 13.54, 1, 55.54, 80, 3.5
5000065462, NTY3NzIzNDQ1Mjo5NDU0NTAzOTg2Mw--, Houston Hobby Airport HOU| South Houston, , 2.0, 37.00, 14.66, 1, 51.66, 35, 
5263313812, NTY3NzIzNDQ1Mjo5NDU0NTAyNzg5Mw--, East Houston - Cloverleaf| Jacinto City, complimentary breakfast|pool(s)|high-speed internet access, 2.0, 39.00, 12.72, 1, 51.72, , 2.5
5761956824, NTY3NzIzNDQ1Mjo5NDU0NTAzOTg5Mg--, SW Houston - Sugar Land| Sugar Land, suite|smoke free rooms|fitness center|pool(s)|high-speed internet access, 3.5, 92.00, 22.86, 1, 114.86, 90, 4.5
5998038263, NTY3NzIzNDQ1Mjo5NDU0NTAzOTg5Mw--, Washington Ave| Houston, complimentary breakfast, 2.0, 57.00, 15.88, 1, 72.88, , 2.5
6576105855, NTY3NzIzNDQ1Mjo5NDU0NTAzOTg5NQ--, Clear Lake - NASA Space Center - Kemah| Nassau Bay, pool(s)|restaurant(s), 3.0, 54.00, 15.75, 1, 69.75, 95, 
5891205956, NTY3NzIzNDQ1Mjo5NDU0NTAzOTg1Mg--, Pasadena| Pasadena, fitness center|business center|laundry facilities|high-speed internet access, 3.0, 72.00, 18.47, 1, 90.47, , 3.5
5374179060, NTY3NzIzNDQ1Mjo5NDU0NTAzOTg5NA--, Cyfair| Jersey Village, complimentary breakfast|pool(s)|laundry facilities|high-speed internet access, 2.5, 39.00, 12.36, 1, 51.36, 75, 3.5
6403427632, NTY3NzIzNDQ1Mjo5NDU0NTAzOTkxMg--, Willowbrook - Cypress Station| North Houston, fitness center|pool(s)|business center|laundry facilities, 3.0, 68.00, 17.65, 1, 85.65, 90, 
5031431881, NTY3NzIzNDQ1Mjo5NDU0NTAyNzg5Mg--, Pearland| Pearland, complimentary breakfast|fitness center|pool(s)|business center|laundry facilities|high-speed internet access, 3.0, 85.00, 19.84, 1, 104.84, 90, 4.0
6944139969, NTY3NzIzNDQ1Mjo5NDU0NTAzOTkyNA--, Willowbrook - Cypress Station| North Houston, fitness center|pool(s)|business center|laundry facilities|high-speed internet access, 2.5, 55.00, 14.48, 1, 69.48, 95, 
6063245317, NTY3NzIzNDQ1Mjo5NDU0NTAzOTkyNg--, Baytown| Baytown, complimentary breakfast|pool(s)|laundry facilities|high-speed internet access, 2.5, 39.00, 12.72, 1, 51.72, 70, 3.5
6084407627, NTY3NzIzNDQ1Mjo5NDU0NTAzOTg3NA--, Clear Lake - NASA Space Center - Kemah| Nassau Bay, laundry facilities, 2.0, 34.00, 11.90, 1, 45.90, 70, 3.5
5087293044, NTY3NzIzNDQ1Mjo5NDU0NTAzOTg1MQ--, Pasadena| Pasadena, complimentary breakfast|pool(s)|restaurant(s)|business center|laundry facilities|high-speed internet access, 2.5, 67.00, 17.50, 1, 84.50, , 4.0
6047973864, NTY3NzIzNDQ1Mjo5NDU0NTAzOTkwMQ--, Channelview| Channelview, complimentary breakfast, 2.0, 45.00, 13.70, 1, 58.70, , 4.0
5058518998, NTY3NzIzNDQ1Mjo5NDU0NTAzOTg4OA--, La Porte| La Porte, high-speed internet access, 2.0, 39.00, 12.72, 1, 51.72, 75, 
6169244054, NTY3NzIzNDQ1Mjo5NDU0NTAzOTg4Nw--, Pearland| Pearland, complimentary breakfast|high-speed internet access, 2.5, 72.00, 15.79, 1, 87.79, , 
5973641138, NTY3NzIzNDQ1Mjo5NDU0NTAzOTkyMg--, Deer Park| Deer Park, complimentary breakfast, 2.0, 43.00, 13.42, 1, 56.42, , 4.0
5728634340, NTY3NzIzNDQ1Mjo5NDU0NTAzOTkxMw--, Deer Park| Deer Park, complimentary breakfast|fitness center|pool(s)|business center|laundry facilities|high-speed internet access, 3.0, 83.00, 21.32, 1, 104.32, , 3.5
5942803376, NTY3NzIzNDQ1Mjo5NDU0NTAzOTkxNg--, NW Houston - Brookhollow| Spring Valley, complimentary breakfast|pool(s)|restaurant(s)|business center|laundry facilities|high-speed internet access, 1.0, 38.00, 12.72, 1, 50.72, , 3.0
5503372075, NTY3NzIzNDQ1Mjo5NDU0NTAzOTg2OA--, Houston West - Energy Corridor| Spring Valley, complimentary breakfast|high-speed internet access, 1.0, 36.00, 12.19, 1, 48.19, , 3.5
6750901199, NTY3NzIzNDQ1Mjo5NDU0NTAzOTg1NA--, Pasadena| Pasadena, complimentary breakfast|pool(s)|high-speed internet access, 2.0, 63.00, 13.40, 1, 76.40, , 3.5
5084639858, NTY3NzIzNDQ1Mjo5NDU0NTAzOTg4NQ--, League City - Dickinson| League City, complimentary breakfast|high-speed internet access, 2.0, 37.00, 11.01, 1, 48.01, , 3.5
6701546652, NTY3NzIzNDQ1Mjo5NDU0NTAyNzg5Ng--, Alvin| Alvin, fitness center|pool(s)|business center|high-speed internet access, 2.5, 52.00, 12.60, 1, 64.60, , 4.5
5543699007, NTY3NzIzNDQ1Mjo5NDU0NTAzOTkxOQ--, Baytown| Baytown, complimentary breakfast|business center|laundry facilities, 2.0, 41.00, 13.09, 1, 54.09, , 
6721474853, NTY3NzIzNDQ1Mjo5NDU0NTAzOTg3OQ--, Aldine - Bush Ictl Airport IAH| Humble, airport shuttle|complimentary breakfast|high-speed internet access, 1.0, 41.00, 13.04, 1, 54.04, , 3.5
6348666567, NTY3NzIzNDQ1Mjo5NDU0NTAzOTg5OA--, Clear Lake - NASA Space Center - Kemah| Nassau Bay, fitness center|business center|high-speed internet access, 2.5, 65.00, 16.03, 1, 81.03, , 4.5
5879807144, NTY3NzIzNDQ1Mjo5NDU0NTAzOTkwMw--, Atascocita| Atascocita, high-speed internet access, 3.0, 104.00, 21.02, 1, 125.02, , 
6212094235, NTY3NzIzNDQ1Mjo5NDU0NTAyNzg5OA--, East Houston - Cloverleaf| Jacinto City, pool(s), 1.0, 48.00, 14.31, 1, 62.31, , 
6127567678, NTY3NzIzNDQ1Mjo5NDU0NTAzOTg4MQ--, SW Houston - Sugar Land| Sugar Land, complimentary breakfast, 1.0, 44.00, 17.98, 1, 61.98, , 0.0
5074632722, NTY3NzIzNDQ1Mjo5NDU0NTAyNzg5NQ--, Alvin| Alvin, high-speed internet access, 2.0, 59.00, 13.47, 1, 72.47, , 
6646505754, NTY3NzIzNDQ1Mjo5NDU0NTAzOTkyNQ--, Deer Park| Deer Park, smoke free rooms|complimentary breakfast|high-speed internet access, 2.5, 101.00, 24.40, 1, 125.40, , 3.5
6116395223, NTY3NzIzNDQ1Mjo5NDU0NTAzOTg2Nw--, Channelview| Channelview, high-speed internet access, 1.0, 47.00, 13.63, 1, 60.63, , 0.0
5422505749, NTY3NzIzNDQ1Mjo5NDU0NTAyNzg5MQ--, Alvin| Alvin, complimentary breakfast, 1.0, 38.00, 11.20, 1, 49.20, , 2.5
5351096767, NTY3NzIzNDQ1Mjo5NDU0NTAzOTkxOA--, Willowbrook - Cypress Station| North Houston, complimentary breakfast|pool(s)|business center, 1.0, 54.00, 14.38, 1, 68.39, , 3.5
5324709316, NTY3NzIzNDQ1Mjo5NDU0NTAzOTg4NA--, Cyfair| Jersey Village, complimentary breakfast|fitness center|business center|laundry facilities|high-speed internet access, 2.0, 103.00, 22.85, 1, 125.85, , 3.5
5999286789, NTY3NzIzNDUwMzo5NDU0NTA0MzM5Ng--, Downtown Toronto East| Toronto, fitness center|restaurant(s)|high-speed internet access|spa services, 4.0, 95.00, 19.86, 1, 114.86, 95, 
6141281817, NTY3NzIzNDUwMzo5NDU0NTA0MzM3OA--, Downtown Toronto West| Toronto, smoke free rooms|fitness center|pool(s)|restaurant(s)|business center|high-speed internet access, 4.0, 99.00, 20.82, 1, 119.82, 90, 4.0
5092106651, NTY3NzIzNDUwMzo5NDU0NTA0MzM3OQ--, Downtown Toronto East| Toronto, smoke free rooms|fitness center|pool(s)|restaurant(s)|business center|high-speed internet access, 3.5, 85.00, 18.41, 1, 103.41, 80, 3.5
5308636350, NTY3NzIzNDUwMzo5NDU0NTA0MzM5NQ--, Downtown Toronto West| Toronto, fitness center|pool(s)|restaurant(s)|business center|high-speed internet access, 3.5, 94.00, 19.70, 1, 113.70, 65, 3.0
6452005857, NTY3NzIzNDUwMzo5NDU0NTA0MzM5OQ--, Downtown Toronto West| Toronto, boutique hotel|restaurant(s), 3.0, 73.00, 16.80, 1, 89.80, 65, 3.5
6970671214, NTY3NzIzNDUwMzo5NDU0NTA0MzM3Ng--, Downtown Toronto East| Toronto, complimentary breakfast|fitness center|business center|laundry facilities|high-speed internet access, 2.5, 54.00, 13.30, 1, 67.30, 45, 3.5
5634217531, NTY3NzIzNDUwMzo5NDU0NTA0MzM4MA--, Downtown Toronto East| Toronto, complimentary breakfast, 2.0, 55.00, 13.39, 1, 68.39, 65, 2.5
5982161342, NTY3NzIzNDUwMzo5NDU0NTA0MzM4Mg--, Downtown Toronto West| Toronto, complimentary breakfast, 2.0, 64.00, 14.66, 1, 78.66, 85, 
6192932428, NTY3NzIzNDUwMzo5NDU0NTA0MzM4NA--, Don Valley| North York, fitness center|pool(s)|restaurant(s)|business center|high-speed internet access, 3.0, 61.00, 14.19, 1, 75.19, 75, 3.0
6996427998, NTY3NzIzNDUwMzo5NDU0NTA0MzM4MQ--, Lester B. Pearson Intl Airport YYZ| Etobicoke, airport shuttle|fitness center|pool(s)|restaurant(s)|business center|high-speed internet access|spa services, 3.5, 63.00, 14.51, 1, 77.51, 85, 3.5
6327745797, NTY3NzIzNDUwMzo5NDU0NTA0MzM4Nw--, Lester B. Pearson Intl Airport YYZ| Etobicoke, airport shuttle|restaurant(s)|high-speed internet access, 2.5, 43.00, 14.11, 1, 57.11, 90, 
6613837548, NTY3NzIzNDUwMzo5NDU0NTA0MzM4OA--, Lester B. Pearson Intl Airport YYZ| Etobicoke, airport shuttle|fitness center, 3.0, 59.00, 14.03, 1, 73.03, 60, 
5401543054, NTY3NzIzNDUwMzo5NDU0NTA0MzM5Mg--, North York - Vaughan| North York, fitness center|pool(s)|restaurant(s)|business center|high-speed internet access, 3.0, 73.00, 16.80, 1, 89.80, 90, 3.5
5463464225, NTY3NzIzNDUwMzo5NDU0NTA0MzM5MA--, Don Valley| North York, fitness center|pool(s)|restaurant(s)|business center|laundry facilities|high-speed internet access, 3.5, 104.00, 21.46, 1, 125.46, 65, 3.0
5337109886, NTY3NzIzNDUwMzo5NDU0NTA0MzM5Mw--, Lester B. Pearson Intl Airport YYZ| Etobicoke, airport shuttle|fitness center|restaurant(s)|business center|high-speed internet access, 4.0, 109.00, 21.63, 1, 130.63, 80, 
6854547561, NTY3NzIzNDUwMzo5NDU0NTA0MzM3Nw--, North York - Vaughan| North York, airport shuttle|pool(s)|restaurant(s), 2.5, 56.00, 13.52, 1, 69.52, 35, 3.0
6313773500, NTY3NzIzNDUwMzo5NDU0NTA0MzM5NA--, North York - Vaughan| North York, complimentary breakfast|business center|laundry facilities|high-speed internet access, 2.0, 51.00, 12.91, 1, 63.91, 95, 3.5
5883900464, NTY3NzIzNDUwMzo5NDU0NTA0MzM4OQ--, Toronto East| Scarborough, complimentary breakfast|high-speed internet access, 2.0, 59.00, 14.03, 1, 73.03, , 
5745389271, NTY3NzIzNDUwMzo5NDU0NTA0MzM4NQ--, Lester B. Pearson Intl Airport YYZ| Etobicoke, complimentary breakfast|high-speed internet access, 2.0, 55.00, 13.98, 1, 68.98, 40, 2.5
5945870519, NTY3NzIzNDUwMzo5NDU0NTA0MzM5Nw--, North York - Vaughan| North York, pool(s)|restaurant(s)|tennis nearby, 1.0, 81.00, 17.88, 1, 98.88, , 3.0
6285856354, NTY3NzIzMzkyMjo5NDU0NTA1MTU0NA--, Midtown Central| New York City, fitness center|restaurant(s)|business center|high-speed internet access, 4.0, 154.00, 39.32, 1, 193.32, 40, 
6933828337, NTY3NzIzMzkyMjo5NDU0NTA1MjI2NA--, Central Park| New York City, boutique hotel|restaurant(s)|high-speed internet access, 3.5, 96.00, 27.24, 1, 123.24, 80, 3.5
5645173282, NTY3NzIzMzkyMjo5NDU0NTA1MTUzMw--, Midtown East| New York City, fitness center|restaurant(s)|business center|high-speed internet access, 3.5, 119.00, 30.98, 1, 149.97, 85, 3.5
6927457612, NTY3NzIzMzkyMjo5NDU0NTA1MjI3Mg--, Empire State Building| New York City, fitness center|restaurant(s)|business center|high-speed internet access, 4.0, 150.00, 38.68, 1, 188.68, 80, 4.0
5879380816, NTY3NzIzMzkyMjo5NDU0NTA1MTU0MA--, Midtown Central| New York City, suite|smoke free rooms|fitness center|business center|high-speed internet access|kitchenette, 3.5, 132.00, 40.80, 1, 172.80, , 3.5
5802369046, NTY3NzIzMzkyMjo5NDU0NTA1MjI3Ng--, Empire State Building| New York City, boutique hotel|restaurant(s)|high-speed internet access, 3.0, 96.00, 27.24, 1, 123.24, 75, 
6032194992, NTY3NzIzMzkyMjo5NDU0NTA1MjI3NQ--, Downtown - SoHo - Financial District| New York City, fitness center|restaurant(s)|business center|high-speed internet access, 4.0, 162.00, 40.62, 1, 202.61, 95, 4.0
5791121965, NTY3NzIzMzkyMjo5NDU0NTA1MTU0Ng--, Midtown Central| New York City, fitness center|business center|laundry facilities|high-speed internet access|kitchenette, 3.0, 119.00, 30.98, 1, 149.97, 80, 4.0
6090222690, NTY3NzIzMzkyMjo5NDU0NTA1MjI2OQ--, Downtown - SoHo - Financial District| New York City, restaurant(s)|business center|high-speed internet access, 3.5, 120.00, 31.16, 1, 151.16, , 4.0
6048715177, NTY3NzIzMzkyMjo5NDU0NTA1MjI1Nw--, Chelsea - Madison Square Garden| New York City, fitness center|restaurant(s)|business center|high-speed internet access, 3.5, 132.00, 33.06, 1, 165.06, 90, 
5986361717, NTY3NzIzMzkyMjo5NDU0NTA1MjI1NQ--, Chelsea - Madison Square Garden| New York City, smoke free rooms|fitness center|business center|high-speed internet access, 3.0, 117.00, 30.62, 1, 147.62, 80, 3.5
5310707463, NTY3NzIzMzkyMjo5NDU0NTA1MjI1OA--, Central Park| New York City, boutique hotel|fitness center|restaurant(s)|high-speed internet access, 4.0, 149.00, 38.51, 1, 187.51, 80, 
5098402040, NTY3NzIzMzkyMjo5NDU0NTA1MTU0Nw--, Midtown East| New York City, suite|fitness center|restaurant(s)|high-speed internet access|kitchenette, 3.0, 119.00, 30.96, 1, 149.96, 75, 
5138872971, NTY3NzIzMzkyMjo5NDU0NTA1MjI4Mg--, Central Park| New York City, laundry facilities|high-speed internet access, 2.5, 73.00, 23.66, 1, 96.66, 50, 
5855211244, NTY3NzIzMzkyMjo5NDU0NTA1MTUzMQ--, Central Park| New York City, complimentary breakfast|fitness center|business center, 2.0, 68.00, 21.57, 1, 89.57, 70, 3.5
6887128763, NTY3NzIzMzkyMjo5NDU0NTA1MjI3Nw--, Times Square - Theatre District| New York City, boutique hotel|fitness center|restaurant(s)|high-speed internet access, 4.0, 239.00, 53.07, 1, 292.07, 90, 4.0
6210967878, NTY3NzIzMzkyMjo5NDU0NTA1MjI4Nw--, Times Square - Theatre District| New York City, smoke free rooms|restaurant(s)|business center|high-speed internet access, 3.0, 153.00, 39.16, 1, 192.16, 85, 4.0
5017451699, NTY3NzIzMzkyMjo5NDU0NTA1MjI4Ng--, Times Square - Theatre District| New York City, boutique hotel|complimentary breakfast|restaurant(s)|high-speed internet access, 3.5, 190.00, 45.35, 1, 235.35, 80, 3.5
5891366550, NTY3NzIzMzkyMjo5NDU0NTA1MjI4NQ--, Downtown - SoHo - Financial District| New York City, high-speed internet access, 2.0, 89.00, 26.10, 1, 115.10, , 3.5
5908885477, NTY3NzIzMzkyMjo5NDU0NTA1MTUzMA--, Midtown Central| New York City, complimentary breakfast, 2.0, 105.00, 28.80, 1, 133.80, , 
5640519534, NTY3NzIzMzkyMjo5NDU0NTA1MjI4OA--, Downtown - SoHo - Financial District| New York City, high-speed internet access, 3.0, 142.00, 32.64, 1, 174.64, 50, 4.0
6699569172, NTY3NzIzMzkyMjo5NDU0NTA1MjI4MQ--, Times Square - Theatre District| New York City, restaurant(s), 2.0, 113.00, 29.99, 1, 142.99, 60, 4.0
5611040110, NTY3NzIzMzkyMjo5NDU0NTA1MjI3OA--, Downtown - SoHo - Financial District| New York City, complimentary breakfast|high-speed internet access, 2.5, 131.00, 32.20, 1, 163.20, , 4.0
6507311672, NTY3NzIzMzkyMjo5NDU0NTA1MjI1MQ--, Central Park| New York City, condo|studio|fully-equipped kitchen|air conditioning|fitness center|laundry facilities|high-speed internet access, 2.5, 108.00, 29.17, 1, 137.17, 50, 3.5
6863430136, NTY3NzIzMzkyMjo5NDU0NTA1MjI4MA--, Empire State Building| New York City, boutique hotel|smoke free rooms|fitness center|business center|high-speed internet access, 3.5, 223.00, 50.64, 1, 273.64, , 4.5
6871202630, NTY3NzIzMzkyMjo5NDU0NTA1MjI3MQ--, LaGuardia Airport LGA - Flushing| Corona, airport shuttle|fitness center|pool(s)|restaurant(s)|business center|high-speed internet access, 3.0, 76.00, 24.00, 1, 99.99, 75, 3.5
6509573259, NTY3NzIzMzkyMjo5NDU0NTA1MjI2Mw--, LaGuardia Airport LGA - Flushing| Corona, complimentary breakfast|fitness center|business center|high-speed internet access, 2.5, 78.00, 24.31, 1, 102.31, 90, 3.5
6586219391, NTY3NzIzMzkyMjo5NDU0NTA1MTUzNw--, Newark Intl Airport EWR| Elizabeth, airport shuttle|fitness center|restaurant(s)|business center|laundry facilities|high-speed internet access, 2.0, 35.00, 11.13, 1, 46.13, , 
6222976775, NTY3NzIzMzkyMjo5NDU0NTA1MTU0OA--, John F. Kennedy Intl Airport JFK - Jamaica| John F Kennedy Airport, complimentary breakfast|fitness center|business center, 2.5, 63.00, 23.21, 1, 86.21, , 3.5
5464653317, NTY3NzIzMzkyMjo5NDU0NTA1MTU1MA--, John F. Kennedy Intl Airport JFK - Jamaica| John F Kennedy Airport, complimentary breakfast|fitness center|business center|laundry facilities|high-speed internet access, 3.0, 84.00, 25.04, 1, 109.04, 55, 
6146918789, NTY3NzIzMzkyMjo5NDU0NTA1MTUzMg--, Newark Intl Airport EWR| Elizabeth, airport shuttle|fitness center|high-speed internet access, 2.5, 58.00, 17.62, 1, 75.62, 95, 
6208708152, NTY3NzIzMzkyMjo5NDU0NTA1MjI1Mw--, John F. Kennedy Intl Airport JFK - Jamaica| John F Kennedy Airport, airport shuttle|complimentary breakfast|business center|high-speed internet access, 2.0, 62.00, 20.59, 1, 82.59, 70, 3.5
6215290923, NTY3NzIzMzkyMjo5NDU0NTA1MjI2NQ--, LaGuardia Airport LGA - Flushing| Corona, complimentary breakfast|high-speed internet access, 2.0, 81.00, 24.89, 1, 105.89, , 3.5
6162154658, NTY3NzIzMzkyMjo5NDU0NTA1MTUzNg--, Newark Intl Airport EWR| Elizabeth, airport shuttle|fitness center|pool(s)|restaurant(s)|high-speed internet access, 3.0, 76.00, 20.37, 1, 96.37, 70, 3.5
5585969599, NTY3NzIzMzkyMjo5NDU0NTA1MjI1NA--, John F. Kennedy Intl Airport JFK - Jamaica| John F Kennedy Airport, smoke free rooms|airport shuttle|fitness center|restaurant(s)|business center|high-speed internet access, 3.5, 149.00, 38.51, 1, 187.51, , 3.0
6264410686, NTY3NzIzMzkyMjo5NDU0NTA1MjI3MA--, LaGuardia Airport LGA - Flushing| Corona, airport shuttle|smoke free rooms|fitness center|restaurant(s)|business center|high-speed internet access, 3.5, 209.00, 48.70, 1, 257.70, 65, 4.0
5250752761, NTY3NzIzMzkyMjo5NDU0NTA1MjI3Mw--, LaGuardia Airport LGA - Flushing| Corona, complimentary breakfast|high-speed internet access, 1.0, 72.00, 22.21, 1, 94.21, , 3.5
6249285386, NTY3NzIzMzkyMjo5NDU0NTA1MTUzNA--, Newark Intl Airport EWR| Elizabeth, airport shuttle|fitness center|restaurant(s)|business center|high-speed internet access, 3.5, 161.00, 35.83, 1, 196.83, 80, 4.0
5039504911, NTY3NzIzNDUwNjo5NDU0NTA1NzUwMA--, LA Intl Airport LAX| Westchester, fitness center|pool(s)|restaurant(s)|business center|laundry facilities|high-speed internet access, 3.0, 48.00, 13.10, 1, 61.10, 85, 3.5
6275664498, NTY3NzIzNDUwNjo5NDU0NTA1NzQ3Nw--, Downtown Los Angeles| Los Angeles, fitness center|restaurant(s)|business center|high-speed internet access, 3.5, 82.00, 18.98, 1, 100.98, 75, 3.5
6844943776, NTY3NzIzNDUwNjo5NDU0NTA1NzQ4MQ--, Downtown Los Angeles| Los Angeles, fitness center|restaurant(s)|business center|laundry facilities|high-speed internet access|spa services, 3.0, 79.00, 18.52, 1, 97.52, 65, 3.5
5947221921, NTY3NzIzNDUwNjo5NDU0NTA1NzQ3MQ--, Pasadena| Pasadena, fitness center|pool(s)|restaurant(s)|business center|high-speed internet access, 3.5, 78.00, 19.16, 1, 97.16, 85, 3.5
6347040063, NTY3NzIzNDUwNjo5NDU0NTA1NzQ1Nw--, Hollywood| Hollywood, complimentary breakfast|pool(s), 2.0, 45.00, 12.51, 1, 57.51, 35, 2.0
6903014962, NTY3NzIzNDUwNjo5NDU0NTA1NzUwMg--, LA Intl Airport LAX| Westchester, airport shuttle|fitness center|pool(s)|restaurant(s)|high-speed internet access, 3.5, 75.00, 17.92, 1, 92.92, 70, 
6434766062, NTY3NzIzNDUwNjo5NDU0NTA1NzQ5Mw--, LA Intl Airport LAX| Westchester, airport shuttle|pool(s)|laundry facilities, 2.0, 40.00, 9.79, 1, 49.79, 75, 
6937011991, NTY3NzIzNDUwNjo5NDU0NTA1NzQ5OA--, LA Intl Airport LAX| Westchester, airport shuttle|fitness center|pool(s)|laundry facilities|high-speed internet access, 2.5, 48.00, 13.95, 1, 61.95, 60, 3.5
5879324629, NTY3NzIzNDUwNjo5NDU0NTA1NzUwMw--, Pasadena| Pasadena, smoke free rooms|fitness center|pool(s)|restaurant(s)|business center|high-speed internet access|tennis nearby|spa services, 5.0, 162.00, 34.40, 1, 196.40, 95, 4.0
5731362125, NTY3NzIzNDUwNjo5NDU0NTA0ODM5Nw--, Glendale - Burbank - Universal City| Burbank, smoke free rooms|fitness center|pool(s)|restaurant(s)|business center|high-speed internet access, 4.0, 118.00, 24.17, 1, 142.17, 90, 3.5
5500183211, NTY3NzIzNDUwNjo5NDU0NTA1NzQ1Ng--, Downey - Commerce - Norwalk| Downey, pool(s), 2.0, 39.00, 10.21, 1, 49.21, 80, 
5059873572, NTY3NzIzNDUwNjo5NDU0NTA1NzQ2Ng--, Glendale - Burbank - Universal City| Burbank, fitness center|pool(s)|restaurant(s)|laundry facilities, 3.5, 96.00, 21.23, 1, 117.23, 85, 4.0
6885602075, NTY3NzIzNDUwNjo5NDU0NTA0ODM5OQ--, Hollywood| Hollywood, smoke free rooms|fitness center|pool(s)|restaurant(s)|business center, 3.0, 99.00, 21.36, 1, 120.36, 85, 4.0
5084870145, NTY3NzIzNDUwNjo5NDU0NTA1NzQ3MA--, Chinatown| Los Angeles, airport shuttle|fitness center|business center|high-speed internet access, 2.5, 77.00, 18.15, 1, 95.15, , 
5078584840, NTY3NzIzNDUwNjo5NDU0NTA0ODM5NA--, Culver City| Culver City, airport shuttle|fitness center|pool(s)|restaurant(s)|business center|laundry facilities|high-speed internet access, 3.0, 63.00, 13.99, 1, 76.99, 80, 3.5
6170295143, NTY3NzIzNDUwNjo5NDU0NTA1NzQ4Mw--, Pasadena| Pasadena, complimentary breakfast|pool(s)|laundry facilities|high-speed internet access, 2.0, 48.00, 13.47, 1, 61.47, 85, 
5581276363, NTY3NzIzNDUwNjo5NDU0NTA1NzQ1Mg--, Hollywood| Hollywood, fitness center|pool(s)|restaurant(s)|business center|high-speed internet access, 4.0, 143.00, 27.84, 1, 170.84, 75, 3.5
6246891601, NTY3NzIzNDUwNjo5NDU0NTA1NzQ5NA--, Huntington Park - South Gate| Huntington Park, smoke free rooms|complimentary breakfast|restaurant(s)|business center|laundry facilities|high-speed internet access, 2.0, 48.00, 13.84, 1, 61.84, 30, 3.0
6691395970, NTY3NzIzNDUwNjo5NDU0NTA1NzQ4NA--, Beverly Hills - West Hollywood| Beverly Hills, fitness center|pool(s)|restaurant(s)|business center|high-speed internet access, 4.5, 213.00, 40.62, 1, 253.62, 90, 4.0
6873798298, NTY3NzIzNDUwNjo5NDU0NTA1NzQ3Mg--, Mid-Wilshire - Westlake - USC| Los Angeles, fitness center|pool(s)|restaurant(s)|business center|laundry facilities|high-speed internet access|golf nearby|tennis nearby, 2.5, 71.00, 16.33, 1, 87.33, 80, 2.5
6977536356, NTY3NzIzNDUwNjo5NDU0NTA1NzQ5Mg--, Century City - Westwood| Century City, smoke free rooms|fitness center|pool(s)|restaurant(s)|high-speed internet access, 4.0, 140.00, 28.01, 1, 168.01, 95, 4.5
5756288788, NTY3NzIzNDUwNjo5NDU0NTA1NzQ4Mg--, Glendale - Burbank - Universal City| Burbank, , 2.0, 53.00, 11.77, 1, 64.77, 80, 
5806783396, NTY3NzIzNDUwNjo5NDU0NTA1NzQ4Nw--, Pasadena| Pasadena, complimentary breakfast|pool(s)|laundry facilities, 2.5, 58.00, 13.40, 1, 71.40, , 4.0
6576720389, NTY3NzIzNDUwNjo5NDU0NTA0ODM5NQ--, Downey - Commerce - Norwalk| Downey, complimentary breakfast|fitness center|pool(s)|laundry facilities|high-speed internet access, 2.5, 54.00, 10.84, 1, 64.84, 70, 3.5
6815006673, NTY3NzIzNDUwNjo5NDU0NTA1NzQ4Ng--, Beverly Hills - West Hollywood| Beverly Hills, boutique hotel|fitness center|pool(s)|restaurant(s)|business center|high-speed internet access, 4.0, 185.00, 36.41, 1, 221.41, 85, 4.0
5189517586, NTY3NzIzNDUwNjo5NDU0NTA1NzQ4NQ--, Mid-Wilshire - Westlake - USC| Los Angeles, fitness center|pool(s)|restaurant(s)|business center|high-speed internet access, 3.0, 84.00, 19.23, 1, 103.23, 45, 3.0
6861610289, NTY3NzIzNDUwNjo5NDU0NTA1NzQ1MQ--, Inglewood| Inglewood, complimentary breakfast|high-speed internet access, 2.0, 51.00, 13.41, 1, 64.41, , 
5390592570, NTY3NzIzNDUwNjo5NDU0NTA1NzQ1Mw--, Culver City| Culver City, laundry facilities|high-speed internet access, 2.0, 49.00, 13.25, 1, 62.25, 75, 3.0
6935959878, NTY3NzIzNDUwNjo5NDU0NTA1NzQ3NQ--, Pasadena| Pasadena, smoke free rooms|fitness center|pool(s)|restaurant(s)|business center|laundry facilities|high-speed internet access|tennis nearby, 3.0, 87.00, 20.33, 1, 107.33, 80, 4.0
6541374204, NTY3NzIzNDUwNjo5NDU0NTA1NzQ2OA--, Glendale - Burbank - Universal City| Burbank, complimentary breakfast, 2.5, 73.00, 18.11, 1, 91.11, , 
6135630812, NTY3NzIzNDUwNjo5NDU0NTA1NzQ4OA--, Beverly Hills - West Hollywood| Beverly Hills, fitness center|restaurant(s)|business center, 3.0, 123.00, 24.87, 1, 147.87, 55, 3.5
6668429634, NTY3NzIzNDUwNjo5NDU0NTA1NzQ2Nw--, Hawthorne| Hawthorne, fitness center|pool(s)|high-speed internet access, 2.5, 66.00, 15.62, 1, 81.62, , 
5154081799, NTY3NzIzNDUwNjo5NDU0NTA1NzQ5Nw--, El Monte - Rosemead - Monterey Park| Rosemead, pool(s)|high-speed internet access, 2.0, 50.00, 11.40, 1, 61.40, , 
6319577396, NTY3NzIzNDUwNjo5NDU0NTA1NzUwMQ--, El Monte - Rosemead - Monterey Park| Rosemead, , 2.5, 65.00, 13.01, 1, 78.01, , 
5772454975, NTY3NzIzNDUwNjo5NDU0NTA1NzQ2MA--, Hawthorne| Hawthorne, airport shuttle|complimentary breakfast|pool(s)|business center|laundry facilities|high-speed internet access|kitchenette, 2.0, 59.00, 14.54, 1, 73.54, , 4.5
5961988336, NTY3NzIzNDUwNjo5NDU0NTA0ODQwMA--, Century City - Westwood| Century City, smoke free rooms|complimentary breakfast|fitness center|business center|laundry facilities|high-speed internet access, 2.5, 87.00, 19.67, 1, 106.67, , 3.5
6060206729, NTY3NzIzNDUwNjo5NDU0NTA1NzQ2Mg--, Hollywood| Hollywood, , 1.0, 56.00, 14.23, 1, 70.23, , 3.5
6529901777, NTY3NzIzNDUwNjo5NDU0NTA1NzQ4OQ--, Beverly Hills - West Hollywood| Beverly Hills, suite|fitness center|pool(s)|restaurant(s)|laundry facilities|high-speed internet access|kitchenette, 3.5, 181.00, 38.53, 1, 219.53, , 4.5
5048313160, NTY3NzIzNDUwNjo5NDU0NTA1NzQ1NA--, LA Intl Airport LAX| Westchester, airport shuttle|complimentary breakfast|pool(s)|restaurant(s), 1.0, 49.00, 13.15, 1, 62.15, , 3.0
6145296738, NTY3NzIzNDUwNjo5NDU0NTA1NzQ3NA--, Glendale - Burbank - Universal City| Burbank, boutique hotel|airport shuttle|fitness center|pool(s)|restaurant(s)|laundry facilities, 3.0, 135.00, 21.35, 1, 156.35, , 3.0
6272122141, NTY3NzIzNDUwNjo5NDU0NTA1NzQ3Mw--, Pasadena| Pasadena, complimentary breakfast|pool(s)|business center|laundry facilities|golf nearby, 1.0, 57.00, 14.83, 1, 71.83, , 2.5
6903031245, NTY3NzIzNDUwNjo5NDU0NTA0ODM5Ng--, Downey - Commerce - Norwalk| Downey, casino|fitness center|pool(s)|restaurant(s)|business center|laundry facilities|high-speed internet access|golf nearby|tennis nearby|spa services, 3.0, 145.00, 27.50, 1, 172.50, , 3.5
5233356955, NTY3NzIzNDUwNjo5NDU0NTA1NzQ3Ng--, Downey - Commerce - Norwalk| Downey, complimentary breakfast, 1.0, 61.00, 12.55, 1, 73.55, , 
6218778765, NTY3NzIzNDUwNjo5NDU0NTA1NzQ2Mw--, Lynwood| Lynwood, high-speed internet access, 1.0, 72.00, 13.68, 1, 85.68, , 4.0
6127709568, NTY3NzIzMzkyNTo5NDU0NTA2MTA4Nw--, Magnificent Mile Area - Streeterville| Chicago, fitness center|restaurant(s)|business center|high-speed internet access, 4.0, 70.00, 17.02, 1, 87.02, 95, 
5797001333, NTY3NzIzMzkyNTo5NDU0NTA2MTA1NQ--, Magnificent Mile Area - Streeterville| Chicago, business center|high-speed internet access, 3.0, 41.00, 12.53, 1, 53.53, 85, 
5034155760, NTY3NzIzMzkyNTo5NDU0NTA2MTA2Mg--, Magnificent Mile Area - Streeterville| Chicago, fitness center|restaurant(s)|business center|high-speed internet access, 4.5, 89.00, 21.03, 1, 110.03, 90, 
5355384568, NTY3NzIzMzkyNTo5NDU0NTA1ODU1NQ--, North Michigan Avenue - Water Tower - Gold Coast| Chicago, fitness center|restaurant(s)|business center|high-speed internet access, 3.5, 59.00, 15.34, 1, 74.34, 95, 
6272491781, NTY3NzIzMzkyNTo5NDU0NTA1ODU4Mg--, North Michigan Avenue - Water Tower - Gold Coast| Chicago, fitness center|restaurant(s)|business center|high-speed internet access, 4.0, 71.00, 17.22, 1, 88.22, 80, 3.5
5565870172, NTY3NzIzMzkyNTo5NDU0NTA1ODU5MA--, Chicago Loop| Chicago, fitness center|restaurant(s)|business center|high-speed internet access, 4.0, 75.00, 18.96, 1, 93.96, 90, 
6379675322, NTY3NzIzMzkyNTo5NDU0NTA1ODU4Ng--, Magnificent Mile Area - Streeterville| Chicago, fitness center|pool(s)|restaurant(s)|business center|high-speed internet access, 3.5, 64.00, 16.28, 1, 80.28, 90, 4.0
6709094878, NTY3NzIzMzkyNTo5NDU0NTA2MTA4Ng--, Chicago Loop| Chicago, smoke free rooms|fitness center|restaurant(s)|business center|laundry facilities|high-speed internet access, 3.5, 64.00, 16.08, 1, 80.08, 90, 4.0
6571693958, NTY3NzIzMzkyNTo5NDU0NTA2MTA3MA--, Museum Campus - McCormick Place - Soldier Field| Chicago, boutique hotel|smoke free rooms|fitness center|business center|high-speed internet access, 3.0, 47.00, 13.47, 1, 60.47, 85, 4.0
5639805890, NTY3NzIzMzkyNTo5NDU0NTA1ODU5MQ--, Museum Campus - McCormick Place - Soldier Field| Chicago, fitness center|pool(s)|restaurant(s)|business center|high-speed internet access, 4.0, 81.00, 19.90, 1, 100.90, 90, 
5629918534, NTY3NzIzMzkyNTo5NDU0NTA2MTA2Mw--, Museum Campus - McCormick Place - Soldier Field| Chicago, smoke free rooms|fitness center|restaurant(s)|business center|high-speed internet access, 3.5, 66.00, 16.46, 1, 82.46, 90, 4.0
5472921368, NTY3NzIzMzkyNTo5NDU0NTA1ODU3Mg--, North Michigan Avenue - Water Tower - Gold Coast| Chicago, fitness center|restaurant(s)|business center|high-speed internet access, 4.5, 131.00, 27.59, 1, 158.59, 95, 4.5
5380043169, NTY3NzIzMzkyNTo5NDU0NTA1ODU1Nw--, North Michigan Avenue - Water Tower - Gold Coast| Chicago, boutique hotel|smoke free rooms|restaurant(s), 3.0, 66.00, 16.46, 1, 82.46, 70, 3.5
6091383729, NTY3NzIzMzkyNTo5NDU0NTA1ODU2Nw--, West Loop - Medical District - UIC| Chicago, fitness center|pool(s)|restaurant(s)|business center|laundry facilities|high-speed internet access, 3.0, 62.00, 15.71, 1, 77.71, 85, 3.5
5565307144, NTY3NzIzMzkyNTo5NDU0NTA1ODU5OQ--, Magnificent Mile Area - Streeterville| Chicago, restaurant(s)|high-speed internet access, 2.0, 52.00, 14.20, 1, 66.20, 65, 3.0
5371473147, NTY3NzIzMzkyNTo5NDU0NTA1ODU5Mw--, Magnificent Mile Area - Streeterville| Chicago, fitness center|pool(s)|restaurant(s), 2.5, 74.00, 18.67, 1, 92.67, 75, 3.5
6352371212, NTY3NzIzMzkyNTo5NDU0NTA2MTA1Nw--, Museum Campus - McCormick Place - Soldier Field| Chicago, fitness center|restaurant(s)|laundry facilities|high-speed internet access, 2.5, 64.00, 16.08, 1, 80.08, , 3.0
5298905927, NTY3NzIzMzkyNTo5NDU0NTA2MTA2Nw--, Museum Campus - McCormick Place - Soldier Field| Chicago, restaurant(s)|business center|high-speed internet access, 2.0, 60.00, 16.64, 1, 76.64, 70, 3.0
6149069000, NTY3NzIzMzkyNTo5NDU0NTA1ODU5Ng--, Oak Lawn - Midway Airport MDW| Oak Lawn, fitness center|pool(s)|restaurant(s)|business center|high-speed internet access, 3.0, 62.00, 16.35, 1, 78.35, 95, 3.5
5219929404, NTY3NzIzMzkyNTo5NDU0NTA1ODU2Mw--, West Loop - Medical District - UIC| Chicago, fitness center|restaurant(s)|business center|high-speed internet access|golf nearby, 3.5, 135.00, 28.10, 1, 163.10, 95, 
6370528819, NTY3NzIzMzkyNTo5NDU0NTA2MTA3Ng--, O'Hare Intl Airport ORD South| Schiller Park, airport shuttle|fitness center|restaurant(s)|business center|high-speed internet access|golf nearby, 4.5, 76.00, 17.27, 1, 93.27, 95, 4.0
6609498286, NTY3NzIzMzkyNTo5NDU0NTA2MTA1Mg--, Evanston - Skokie - Niles| Skokie, fitness center|pool(s)|restaurant(s), 3.0, 46.00, 10.98, 1, 56.98, 80, 
6205107013, NTY3NzIzMzkyNTo5NDU0NTA1ODU4NA--, Chicago Loop| Chicago, complimentary breakfast|fitness center|pool(s)|business center|laundry facilities|high-speed internet access, 3.0, 129.00, 32.27, 1, 161.27, 95, 4.0
6937619418, NTY3NzIzMzkyNTo5NDU0NTA2MTA5MA--, O'Hare Intl Airport ORD South| Schiller Park, airport shuttle|fitness center|restaurant(s)|business center|high-speed internet access, 4.0, 64.00, 14.66, 1, 78.66, 90, 
5429382934, NTY3NzIzMzkyNTo5NDU0NTA2MTA4Mw--, O'Hare Intl Airport ORD South| Schiller Park, fitness center|restaurant(s)|business center|high-speed internet access|golf nearby, 3.0, 39.00, 10.21, 1, 49.21, 65, 
5565083812, NTY3NzIzMzkyNTo5NDU0NTA2MTA3OQ--, Lake View - Lincoln Park - Wrigleyville| Chicago, complimentary breakfast|high-speed internet access, 2.0, 57.00, 15.15, 1, 72.15, 55, 3.0
6805596610, NTY3NzIzMzkyNTo5NDU0NTA1ODU5NA--, South Chicago - Hyde Park| Chicago, pool(s)|restaurant(s)|high-speed internet access, 2.0, 58.00, 15.15, 1, 73.15, 75, 2.5
5680090616, NTY3NzIzMzkyNTo5NDU0NTA2MTA4OQ--, Lake View - Lincoln Park - Wrigleyville| Chicago, boutique hotel|smoke free rooms|complimentary breakfast|high-speed internet access, 2.5, 84.00, 20.21, 1, 104.21, 95, 4.0
5290264756, NTY3NzIzMzkyNTo5NDU0NTA2MTA3NA--, Hillside - Westchester| Hillside, laundry facilities|high-speed internet access|golf nearby|kitchenette, 2.0, 29.00, 9.47, 1, 38.47, 75, 3.5
5385648971, NTY3NzIzMzkyNTo5NDU0NTA2MTA1MQ--, Oak Lawn - Midway Airport MDW| Oak Lawn, , 2.0, 47.00, 13.95, 1, 60.95, 70, 
5921989209, NTY3NzIzMzkyNTo5NDU0NTA2MTA4MA--, Bridgeview| Bridgeview, complimentary breakfast|fitness center|laundry facilities|high-speed internet access|golf nearby, 2.0, 34.00, 10.02, 1, 44.02, 85, 3.5
6256466888, NTY3NzIzMzkyNTo5NDU0NTA2MTA4MQ--, O'Hare Intl Airport ORD South| Schiller Park, airport shuttle|fitness center|pool(s)|restaurant(s)|business center, 3.5, 60.00, 13.94, 1, 73.94, 90, 
5120902843, NTY3NzIzMzkyNTo5NDU0NTA1ODU1OA--, Lombard - Oak Brook - Downers Grove| Oak Brook, fitness center|laundry facilities, 2.5, 30.00, 9.60, 1, 39.61, 80, 4.0
6637826662, NTY3NzIzMzkyNTo5NDU0NTA2MTA3Mg--, O'Hare Intl Airport ORD North| Chicago, smoke free rooms|airport shuttle|fitness center|pool(s)|restaurant(s)|business center|high-speed internet access|golf nearby, 4.0, 70.00, 15.46, 1, 85.46, 85, 4.0
5747089467, NTY3NzIzMzkyNTo5NDU0NTA2MTA2MQ--, O'Hare Intl Airport ORD North| Chicago, complimentary breakfast|fitness center|business center|laundry facilities|high-speed internet access, 2.0, 30.00, 9.88, 1, 39.89, 90, 
6234526039, NTY3NzIzMzkyNTo5NDU0NTA1ODYwMA--, Evanston - Skokie - Niles| Skokie, complimentary breakfast|business center|high-speed internet access, 2.0, 36.00, 10.63, 1, 46.63, 70, 4.0
5786700432, NTY3NzIzMzkyNTo5NDU0NTA1ODU1Ng--, Lake View - Lincoln Park - Wrigleyville| Chicago, complimentary breakfast|fitness center|golf nearby, 3.0, 100.00, 22.21, 1, 122.21, , 4.0
6167711666, NTY3NzIzMzkyNTo5NDU0NTA1ODU4NQ--, Lombard - Oak Brook - Downers Grove| Oak Brook, fitness center|pool(s)|restaurant(s)|business center|high-speed internet access|golf nearby|tennis nearby, 4.0, 64.00, 12.33, 1, 76.33, 90, 3.5
5216476422, NTY3NzIzMzkyNTo5NDU0NTA1ODU5Mg--, Lombard - Oak Brook - Downers Grove| Oak Brook, fitness center|pool(s)|business center|high-speed internet access|golf nearby, 3.0, 41.00, 11.23, 1, 52.23, 80, 
6749149508, NTY3NzIzMzkyNTo5NDU0NTA2MTA3Mw--, Arlington Heights - Elk Grove Village| Itasca, smoke free rooms|fitness center|pool(s)|restaurant(s)|business center|high-speed internet access|golf nearby, 3.5, 40.00, 11.08, 1, 51.08, 95, 4.0
6090712997, NTY3NzIzMzkyNTo5NDU0NTA2MTA2NQ--, O'Hare Intl Airport ORD South| Schiller Park, laundry facilities, 2.0, 34.00, 9.71, 1, 43.71, 75, 
6741414207, NTY3NzIzMzkyNTo5NDU0NTA2MTA3OA--, Lombard - Oak Brook - Downers Grove| Oak Brook, fitness center|pool(s)|restaurant(s)|business center|high-speed internet access|golf nearby, 3.5, 54.00, 11.36, 1, 65.36, 90, 
6066173651, NTY3NzIzMzkyNTo5NDU0NTA1ODU3OA--, Northbrook| Northbrook, high-speed internet access, 2.0, 26.00, 9.10, 1, 35.10, 75, 
6382756139, NTY3NzIzMzkyNTo5NDU0NTA1ODU3MQ--, Lombard - Oak Brook - Downers Grove| Oak Brook, laundry facilities, 2.0, 30.00, 9.60, 1, 39.61, 80, 
6935734527, NTY3NzIzMzkyNTo5NDU0NTA2MTA4NQ--, O'Hare Intl Airport ORD North| Chicago, airport shuttle|complimentary breakfast|fitness center|pool(s)|business center|high-speed internet access, 3.0, 60.00, 14.18, 1, 74.18, 85, 
6989250976, NTY3NzIzMzkyNTo5NDU0NTA1ODU2MA--, Itasca| Arlington Heights, fitness center|pool(s)|business center|high-speed internet access, 3.0, 40.00, 10.71, 1, 50.71, 95, 
6024233836, NTY3NzIzMzkyNTo5NDU0NTA2MTA2NA--, O'Hare Intl Airport ORD North| Chicago, fitness center|laundry facilities|high-speed internet access, 2.5, 44.00, 11.93, 1, 55.93, 50, 3.0
6905186373, NTY3NzIzMzkyNTo5NDU0NTA1ODU3Mw--, Itasca| Arlington Heights, laundry facilities, 2.0, 28.00, 9.59, 1, 37.59, 85, 
6510919567, NTY3NzIzMzkyNTo5NDU0NTA2MTA4Mg--, O'Hare Intl Airport ORD North| Chicago, airport shuttle|fitness center|restaurant(s)|business center|high-speed internet access, 3.5, 84.00, 18.39, 1, 102.39, 90, 
5417673876, NTY3NzIzMzkyNTo5NDU0NTA2MTA4OA--, Hillside - Westchester| Hillside, complimentary breakfast|fitness center|pool(s)|business center|high-speed internet access, 2.5, 59.00, 12.92, 1, 71.92, 85, 4.0
6688788325, NTY3NzIzMzkyNTo5NDU0NTA1ODU1Mg--, Burr Ridge - Hinsdale - Willowbrook| Darien, laundry facilities, 2.0, 32.00, 9.45, 1, 41.45, 65, 
5352507548, NTY3NzIzMzkyNTo5NDU0NTA1ODU3Nw--, Northbrook| Northbrook, fitness center|pool(s)|restaurant(s)|business center|high-speed internet access, 3.5, 64.00, 13.47, 1, 77.47, 90, 4.0
6712986996, NTY3NzIzMzkyNTo5NDU0NTA2MTA1Mw--, Evanston - Skokie - Niles| Skokie, fitness center|pool(s)|restaurant(s)|laundry facilities|high-speed internet access|golf nearby, 2.5, 67.00, 15.33, 1, 82.33, , 3.0
6533906357, NTY3NzIzMzkyNTo5NDU0NTA1ODU2MQ--, Loyola University| Chicago, complimentary breakfast|high-speed internet access, 2.0, 72.00, 17.40, 1, 89.40, , 3.0
6281387282, NTY3NzIzMzkyNTo5NDU0NTA1ODU2OQ--, Alsip| Alsip, complimentary breakfast|laundry facilities, 2.0, 42.00, 10.14, 1, 52.14, , 4.0
6075610775, NTY3NzIzMzkyNTo5NDU0NTA2MTA3NQ--, Arlington Heights - Elk Grove Village| Itasca, fitness center|business center|high-speed internet access|golf nearby, 3.0, 45.00, 11.26, 1, 56.26, 85, 
6877583369, NTY3NzIzMzkyNTo5NDU0NTA2MTA1OA--, Burr Ridge - Hinsdale - Willowbrook| Darien, boutique hotel|complimentary breakfast|high-speed internet access|golf nearby|spa services, 3.5, 71.00, 23.84, 1, 94.84, 75, 4.0
5765567652, NTY3NzIzMzkyNTo5NDU0NTA1ODU4Nw--, Northbrook| Northbrook, smoke free rooms|fitness center|pool(s)|restaurant(s)|business center|high-speed internet access, 4.0, 90.00, 18.36, 1, 108.36, 95, 4.0
5720472311, NTY3NzIzMzkyNTo5NDU0NTA1ODU2Mg--, Itasca| Arlington Heights, resort|smoke free rooms|fitness center|pool(s)|restaurant(s)|business center|high-speed internet access|golf nearby|spa services, 3.5, 71.00, 14.30, 1, 85.30, 90, 4.0
5733795121, NTY3NzIzMzkyNTo5NDU0NTA2MTA2Ng--, Arlington Heights - Elk Grove Village| Itasca, laundry facilities, 2.0, 32.00, 10.62, 1, 42.62, 75, 3.0
5178654748, NTY3NzIzMzkyNTo5NDU0NTA2MTA4NA--, Burr Ridge - Hinsdale - Willowbrook| Darien, fitness center|pool(s)|restaurant(s)|business center|laundry facilities|high-speed internet access|golf nearby, 3.0, 64.00, 11.10, 1, 75.10, 80, 3.0
6320598280, NTY3NzIzMzkyNTo5NDU0NTA1ODU1Mw--, Burr Ridge - Hinsdale - Willowbrook| Darien, airport shuttle|complimentary breakfast|fitness center|pool(s)|restaurant(s)|high-speed internet access|golf nearby, 2.5, 50.00, 11.41, 1, 61.41, 55, 3.0
5224663551, NTY3NzIzMzkyNTo5NDU0NTA1ODU4MQ--, Lansing - Calumet City| Lansing, laundry facilities|high-speed internet access, 2.0, 39.00, 10.21, 1, 49.21, 65, 
6736333803, NTY3NzIzMzkyNTo5NDU0NTA1ODU3MA--, Itasca| Arlington Heights, fitness center|pool(s)|restaurant(s)|laundry facilities|high-speed internet access, 2.5, 48.00, 11.68, 1, 59.68, , 2.5
6121249995, NTY3NzIzMzkyNTo5NDU0NTA1ODU4OA--, South Holland - Calumet Park| South Holland, , 1.0, 34.00, 10.33, 1, 44.33, , 2.0
5264703622, NTY3NzIzMzkyNTo5NDU0NTA2MTA2OQ--, O'Hare Intl Airport ORD North| Chicago, airport shuttle|complimentary breakfast|laundry facilities, 1.0, 42.00, 9.11, 1, 51.11, , 2.5
5108190931, NTY3NzIzMzkyNTo5NDU0NTA1ODU3NA--, Northbrook| Northbrook, smoke free rooms|complimentary breakfast|fitness center|pool(s)|restaurant(s)|business center|laundry facilities|high-speed internet access, 2.5, 75.00, 15.72, 1, 90.72, 100, 4.0
6515305637, NTY3NzIzMzkyNTo5NDU0NTA1ODU1OQ--, Oak Forest - Markham| Oak Forest, complimentary breakfast|fitness center|pool(s)|business center|high-speed internet access, 2.5, 69.00, 17.27, 1, 86.27, , 
5307510911, NTY3NzIzMzkyNTo5NDU0NTA1ODU4Mw--, Lansing - Calumet City| Lansing, complimentary breakfast|high-speed internet access|golf nearby, 2.5, 71.00, 13.64, 1, 84.64, 90, 
5714158192, NTY3NzIzMzkyNTo5NDU0NTA1ODU2NA--, Hammond| Hammond, complimentary breakfast|restaurant(s)|business center|high-speed internet access|golf nearby, 2.0, 54.00, 12.87, 1, 66.87, , 3.5
6467272512, NTY3NzIzMzkyNTo5NDU0NTA2MTA1Ng--, Arlington Heights - Elk Grove Village| Itasca, suite|complimentary breakfast|fitness center|kitchenette, 2.5, 75.00, 15.72, 1, 90.72, 90, 4.0
5297264455, NTY3NzIzMzkyNTo5NDU0NTA1ODU2Ng--, Hammond| Hammond, fitness center|pool(s)|restaurant(s)|laundry facilities|high-speed internet access|golf nearby, 2.5, 84.00, 17.61, 1, 101.61, 85, 3.5
6847805757, NTY3NzIzMzQ4ODo5NDU0NTA2MDQ0OQ--, Downtown Ottawa| Ottawa, smoke free rooms|fitness center|pool(s)|restaurant(s)|business center|laundry facilities|high-speed internet access|golf nearby|spa services|children's activity program, 4.0, 100.00, 20.50, 1, 120.50, 85, 3.5
5770139446, NTY3NzIzMzQ4ODo5NDU0NTA2MDQ0NA--, Downtown Ottawa| Ottawa, restaurant(s)|business center|high-speed internet access, 2.5, 50.00, 12.74, 1, 62.74, 90, 3.5
6209817224, NTY3NzIzMzQ4ODo5NDU0NTA2MDQ1MA--, Downtown Ottawa| Ottawa, business center, 3.0, 62.00, 14.44, 1, 76.44, 65, 
6416229550, NTY3NzIzMzQ4ODo5NDU0NTA3MjkwMw--, Downtown Ottawa| Ottawa, airport shuttle|pool(s)|restaurant(s)|business center|laundry facilities|high-speed internet access, 3.5, 97.00, 20.02, 1, 117.02, 75, 3.5
5253153308, NTY3NzIzMzQ4ODo5NDU0NTA3MjkwMQ--, Ottawa East| Vanier, fitness center|pool(s)|restaurant(s)|business center, 3.0, 67.00, 15.00, 1, 82.00, 80, 3.0
5140902644, NTY3NzIzMzQ4ODo5NDU0NTA2MDQ0Nw--, Hull| Hull, fitness center|pool(s)|restaurant(s)|business center|high-speed internet access, 3.0, 80.00, 23.65, 1, 103.65, 85, 3.0
5713379329, NTY3NzIzMzQ4ODo5NDU0NTA3MjkwNQ--, Ottawa East| Vanier, restaurant(s)|business center|high-speed internet access|golf nearby, 2.0, 58.00, 13.87, 1, 71.87, 80, 2.5
5634106215, NTY3NzIzMzQ4ODo5NDU0NTA2MDQ0NQ--, Ottawa West| Kanata, complimentary breakfast|fitness center|restaurant(s), 2.5, 63.00, 15.12, 1, 78.12, 90, 3.5
6705301886, NTY3NzIzMzQ4ODo5NDU0NTA2MDQ0Ng--, Downtown Ottawa| Ottawa, complimentary breakfast|high-speed internet access, 2.0, 73.00, 17.06, 1, 90.06, 50, 
5403558189, NTY3NzIzMzQ4ODo5NDU0NTA3MjkwMg--, Ottawa East| Vanier, complimentary breakfast|fitness center|laundry facilities|high-speed internet access, 2.5, 96.00, 19.97, 1, 115.97, 80, 
6794854466, NTY3NzIzMzQ4ODo5NDU0NTA2MDQ0OA--, Ottawa West| Kanata, complimentary breakfast|fitness center|business center|laundry facilities|high-speed internet access|golf nearby, 2.0, 78.00, 17.51, 1, 95.51, 90, 4.0
5566740009, NTY3NzIzMzQ4ODo5NDU0NTA2MDQ0Mg--, Ottawa West| Kanata, smoke free rooms|fitness center|pool(s)|restaurant(s)|high-speed internet access, 3.0, 164.00, 31.33, 1, 195.33, 95, 4.0
6917512499, NTY3NzIzMzQ4ODo5NDU0NTA2MDQ0MA--, Gatineau| Gatineau, complimentary breakfast|high-speed internet access, 2.5, 139.00, 29.28, 1, 168.28, , 3.0
5489217995, NTY3NzIzMzkzMDo5NDU0NTA3NjgzOA--, Downtown Vancouver West| Vancouver, fitness center|pool(s)|restaurant(s)|business center|high-speed internet access|spa services, 5.0, 106.00, 24.76, 1, 130.76, 85, 4.0
6436778257, NTY3NzIzMzkzMDo5NDU0NTA3NjgzOQ--, Downtown Vancouver West| Vancouver, smoke free rooms|fitness center|pool(s)|restaurant(s)|business center|high-speed internet access, 4.0, 70.00, 17.26, 1, 87.26, 95, 
6364208508, NTY3NzIzMzkzMDo5NDU0NTA3ODkxMA--, Downtown Vancouver Entertainment District| Vancouver, restaurant(s)|high-speed internet access, 3.0, 52.00, 14.75, 1, 66.75, 85, 
5832563665, NTY3NzIzMzkzMDo5NDU0NTA3ODkwMQ--, Downtown Vancouver West| Vancouver, smoke free rooms|fitness center|pool(s)|restaurant(s)|business center|laundry facilities|high-speed internet access|tennis nearby, 3.5, 61.00, 15.31, 1, 76.31, 70, 3.5
5988951233, NTY3NzIzMzkzMDo5NDU0NTA3NjgzNA--, Downtown Vancouver West| Vancouver, condo|1-bedroom suite|fitness center|pool(s)|restaurant(s)|business center|high-speed internet access|spa services|kitchenette, 5.0, 134.00, 29.37, 1, 163.37, 85, 4.0
6647115801, NTY3NzIzMzkzMDo5NDU0NTA3Njg0Mg--, Downtown Vancouver Entertainment District| Vancouver, boutique hotel|fitness center|restaurant(s)|high-speed internet access, 4.0, 104.00, 22.22, 1, 126.22, 95, 4.0
6375195112, NTY3NzIzMzkzMDo5NDU0NTA3ODkwNA--, Downtown Vancouver Entertainment District| Vancouver, fitness center|restaurant(s)|business center|high-speed internet access|tennis nearby, 3.5, 78.00, 18.98, 1, 96.98, 80, 3.5
6459753810, NTY3NzIzMzkzMDo5NDU0NTA3Njg0OA--, Downtown Vancouver South| Vancouver, fitness center|restaurant(s)|high-speed internet access|tennis nearby, 3.0, 67.00, 15.76, 1, 82.76, 80, 3.5
6852931592, NTY3NzIzMzkzMDo5NDU0NTA3ODkwOA--, Downtown Vancouver West| Vancouver, suite|fitness center|pool(s)|restaurant(s)|spa services, 3.0, 70.00, 16.29, 1, 86.29, 85, 3.5
5379354949, NTY3NzIzMzkzMDo5NDU0NTA3Njg0Mw--, Richmond - Vancouver Intl Airport YVR| Richmond, resort|suite|smoke free rooms|fitness center|pool(s)|restaurant(s)|business center|high-speed internet access|golf nearby|spa services, 4.0, 97.00, 21.93, 1, 118.93, 95, 4.0
5055122755, NTY3NzIzMzkzMDo5NDU0NTA3Njg0Ng--, Richmond - Vancouver Intl Airport YVR| Richmond, airport shuttle|fitness center|restaurant(s)|high-speed internet access, 3.0, 63.00, 15.68, 1, 78.68, 95, 
5810092661, NTY3NzIzMzkzMDo5NDU0NTA3ODkxMg--, North Vancouver| North Vancouver, smoke free rooms|fitness center|pool(s)|restaurant(s)|business center|high-speed internet access, 4.0, 90.00, 20.12, 1, 110.12, , 4.5
5126720517, NTY3NzIzMzkzMDo5NDU0NTA3NjgzMQ--, Downtown Vancouver Entertainment District| Vancouver, , 2.5, 67.00, 17.21, 1, 84.21, , 
5238099595, NTY3NzIzMzkzMDo5NDU0NTA3ODkwNg--, Burnaby - Coquitlam| Burnaby, boutique hotel|smoke free rooms|complimentary breakfast|restaurant(s)|business center|laundry facilities|high-speed internet access|golf nearby|tennis nearby, 3.0, 57.00, 14.24, 1, 71.24, 95, 4.0
5221583724, NTY3NzIzMzkzMDo5NDU0NTA3NjgzMg--, Downtown Vancouver Entertainment District| Vancouver, fitness center|restaurant(s)|business center|laundry facilities, 2.0, 54.00, 14.76, 1, 68.76, 50, 3.5
6839785772, NTY3NzIzMzkzMDo5NDU0NTA3ODkwMg--, Downtown Vancouver South| Vancouver, complimentary breakfast, 2.0, 63.00, 15.63, 1, 78.63, 70, 2.5
5089849671, NTY3NzIzMzkzMDo5NDU0NTA3Njg0Nw--, Richmond - Vancouver Intl Airport YVR| Richmond, airport shuttle|pool(s), 2.5, 47.00, 13.30, 1, 60.30, 55, 
6798708522, NTY3NzIzMzkzMDo5NDU0NTA3Njg0MA--, Richmond - Vancouver Intl Airport YVR| Richmond, airport shuttle|fitness center|pool(s)|restaurant(s)|business center|high-speed internet access, 3.5, 79.00, 18.51, 1, 97.51, , 
6231436780, NTY3NzIzMzkzMDo5NDU0NTA3ODkwOQ--, Downtown Vancouver South| Vancouver, complimentary breakfast|fitness center|restaurant(s)|kitchenette, 2.5, 73.00, 18.95, 1, 91.95, , 
5430128279, NTY3NzIzMzkzMDo5NDU0NTA3NjgzNQ--, North Vancouver| North Vancouver, boutique hotel|oceanfront|fitness center|restaurant(s)|laundry facilities|high-speed internet access, 3.0, 73.00, 17.96, 1, 90.96, 85, 4.0
6255089683, NTY3NzIzMzkzMDo5NDU0NTA3NjgzMw--, North Vancouver| North Vancouver, complimentary breakfast|pool(s)|business center|laundry facilities|high-speed internet access|golf nearby|tennis nearby, 2.0, 47.00, 12.88, 1, 59.88, 75, 3.0
5304371431, NTY3NzIzMzkzMDo5NDU0NTA3Njg0MQ--, Richmond - Vancouver Intl Airport YVR| Richmond, complimentary breakfast, 2.0, 51.00, 14.32, 1, 65.32, 95, 
5086370376, NTY3NzIzMzkzMDo5NDU0NTA3Njg1MA--, Burnaby - Coquitlam| Burnaby, complimentary breakfast|high-speed internet access, 2.0, 49.00, 12.13, 1, 61.13, 95, 
5351702013, NTY3NzIzMzkzMDo5NDU0NTA3ODkwNw--, Burnaby - Coquitlam| Burnaby, pool(s)|restaurant(s)|business center|high-speed internet access|golf nearby|tennis nearby, 2.5, 63.00, 16.52, 1, 79.52, , 3.5
6387584328, NTY3NzIzMzkzMDo5NDU0NTA3Njg0NA--, Burnaby - Coquitlam| Burnaby, restaurant(s)|business center, 4.0, 144.00, 28.96, 1, 172.96, 100, 
5973598029, NTY3NzIzNDEyMjo5NDU0NTA3ODg4NQ--, Downtown Calgary| Calgary, smoke free rooms|fitness center|pool(s)|restaurant(s)|business center|high-speed internet access, 4.0, 95.00, 17.29, 1, 112.29, 95, 4.0
6626795816, NTY3NzIzNDEyMjo5NDU0NTA3ODg5Mg--, Downtown Calgary| Calgary, suite|fitness center|pool(s)|restaurant(s)|business center|laundry facilities|high-speed internet access|kitchenette|spa services, 2.5, 95.00, 18.50, 1, 113.50, 85, 3.5
5246106106, NTY3NzIzNDEyMjo5NDU0NTA3ODg5Mw--, Northwest Calgary| Calgary, fitness center|pool(s)|laundry facilities|high-speed internet access, 2.0, 53.00, 12.38, 1, 65.38, 60, 2.0
6495712493, NTY3NzIzNDEyMjo5NDU0NTA3ODg4OQ--, Calgary Intl Airport YYC| Calgary, airport shuttle|fitness center|pool(s)|restaurant(s)|business center, 3.0, 101.00, 18.75, 1, 119.75, 90, 4.0
5013996001, NTY3NzIzNDEyMjo5NDU0NTA3ODg5NA--, Calgary South| Calgary, fitness center|pool(s)|restaurant(s)|high-speed internet access, 3.0, 94.00, 17.07, 1, 111.07, , 
5735850498, NTY3NzIzNDEyMjo5NDU0NTA3ODg4NA--, Calgary Intl Airport YYC| Calgary, complimentary breakfast|fitness center|pool(s)|business center|laundry facilities, 2.5, 83.00, 16.69, 1, 99.69, 100, 4.5
6855016579, NTY3NzIzNDEyMjo5NDU0NTA3ODg4Nw--, Calgary South| Calgary, complimentary breakfast|fitness center|pool(s)|restaurant(s)|laundry facilities|high-speed internet access|golf nearby, 2.0, 59.00, 12.87, 1, 71.87, 50, 2.5
6884876736, NTY3NzIzNDEyMjo5NDU0NTA3ODg4MA--, Calgary Intl Airport YYC| Calgary, airport shuttle|fitness center|pool(s)|restaurant(s)|laundry facilities|high-speed internet access|golf nearby|tennis nearby, 2.0, 65.00, 13.62, 1, 78.62, 60, 2.5
6372266916, NTY3NzIzNDEyMjo5NDU0NTA3ODg4Mw--, Northwest Calgary| Calgary, smoke free rooms|fitness center|pool(s)|restaurant(s)|business center|laundry facilities|high-speed internet access|golf nearby|spa services, 3.0, 123.00, 18.98, 1, 141.98, 85, 3.0
6386673338, NTY3NzIzNDEyMjo5NDU0NTA3ODg5MQ--, Calgary Intl Airport YYC| Calgary, fitness center|pool(s)|restaurant(s)|business center|high-speed internet access, 3.5, 164.00, 26.80, 1, 190.80, 85, 4.0
5445855755, NTY3NzIzNDEyMjo5NDU0NTA3ODg3NQ--, Calgary South| Calgary, complimentary breakfast|high-speed internet access, 2.5, 93.00, 16.08, 1, 109.08, , 3.0
6041569482, NTY3NzIzNDEyMjo5NDU0NTA3ODg3OA--, Downtown Calgary| Calgary, complimentary breakfast|fitness center|business center|laundry facilities|high-speed internet access, 2.0, 130.00, 23.31, 1, 153.31, , 3.5
6628640789, NTY3NzIzNDEyMjo5NDU0NTA3ODg5MA--, Northwest Calgary| Calgary, complimentary breakfast|pool(s)|restaurant(s)|laundry facilities|high-speed internet access, 1.0, 59.00, 12.38, 1, 71.38, , 2.5
6850728626, NTY3NzIzMzkzMTo5NDU0NTA3ODkyNQ--, Quincy Market - Financial District| Boston, smoke free rooms|fitness center|restaurant(s)|high-speed internet access, 3.0, 66.00, 15.88, 1, 81.88, 90, 3.5
5524120128, NTY3NzIzMzkzMTo5NDU0NTA3ODkxOA--, Logan Intl Airport BOS - Saugus| Revere, smoke free rooms|airport shuttle|fitness center|pool(s)|restaurant(s)|high-speed internet access, 4.0, 73.00, 17.87, 1, 90.87, 95, 3.5
6868468857, NTY3NzIzMzkzMTo5NDU0NTA3ODk0OA--, Boston Common - Theatre District| Boston, smoke free rooms|fitness center|restaurant(s)|business center|high-speed internet access|tennis nearby, 3.5, 87.00, 19.88, 1, 106.88, 95, 4.5
5529889170, NTY3NzIzMzkzMTo5NDU0NTA3ODkyNg--, Quincy Market - Financial District| Boston, fitness center|restaurant(s)|high-speed internet access, 4.0, 111.00, 23.41, 1, 134.41, 90, 
6573865369, NTY3NzIzMzkzMTo5NDU0NTA3ODk0Mw--, Back Bay - Copley Square| Boston, smoke free rooms|fitness center|pool(s)|restaurant(s)|business center|high-speed internet access, 3.5, 102.00, 23.41, 1, 125.41, 95, 4.0
5491158825, NTY3NzIzMzkzMTo5NDU0NTA3ODkzNA--, Boston Common - Theatre District| Boston, smoke free rooms|fitness center|pool(s)|restaurant(s)|business center|high-speed internet access, 4.0, 114.00, 23.82, 1, 137.82, 90, 3.5
5032883492, NTY3NzIzMzkzMTo5NDU0NTA4OTc1MQ--, Logan Intl Airport BOS - Saugus| Revere, high-speed internet access, 2.0, 37.00, 10.53, 1, 47.53, 70, 
5099120223, NTY3NzIzMzkzMTo5NDU0NTA3ODkzNg--, Back Bay - Copley Square| Boston, smoke free rooms|pool(s)|high-speed internet access, 2.5, 71.00, 16.59, 1, 87.59, 65, 3.5
6442960808, NTY3NzIzMzkzMTo5NDU0NTA3ODkxOQ--, Brookline - Newton - Harvard| Chestnut Hill, fitness center|pool(s)|restaurant(s), 3.0, 63.00, 13.74, 1, 76.74, 85, 
5043613857, NTY3NzIzMzkzMTo5NDU0NTA3ODkyMQ--, Quincy Market - Financial District| Boston, boutique hotel|smoke free rooms|fitness center|restaurant(s)|business center|high-speed internet access, 3.5, 108.00, 25.31, 1, 133.31, 95, 4.0
6378968897, NTY3NzIzMzkzMTo5NDU0NTA3ODkxNw--, Cambridge| Cambridge, boutique hotel|fitness center|restaurant(s)|business center|high-speed internet access, 4.0, 108.00, 23.07, 1, 131.07, 95, 4.5
6861385624, NTY3NzIzMzkzMTo5NDU0NTA3ODkxNg--, Back Bay - Copley Square| Boston, smoke free rooms|fitness center|restaurant(s)|business center|high-speed internet access, 4.0, 167.00, 34.26, 1, 201.26, 95, 4.5
6717660142, NTY3NzIzMzkzMTo5NDU0NTA3ODk0MQ--, Logan Intl Airport BOS - Saugus| Revere, airport shuttle|fitness center|pool(s)|restaurant(s)|business center, 3.0, 64.00, 13.89, 1, 77.89, 85, 
6513248408, NTY3NzIzMzkzMTo5NDU0NTA4OTc1Mg--, Boston Common - Theatre District| Boston, smoke free rooms|fitness center|restaurant(s)|business center|high-speed internet access, 3.0, 100.00, 22.09, 1, 122.09, 90, 3.5
5960631568, NTY3NzIzMzkzMTo5NDU0NTA3ODkzNw--, Back Bay - Copley Square| Boston, complimentary breakfast|business center|laundry facilities|high-speed internet access, 2.0, 72.00, 16.76, 1, 88.76, 75, 
5972625615, NTY3NzIzMzkzMTo5NDU0NTA3ODkzOQ--, Boston Common - Theatre District| Boston, smoke free rooms|fitness center|restaurant(s)|high-speed internet access|golf nearby|tennis nearby, 4.5, 195.00, 38.15, 1, 233.15, 90, 4.0
5556564012, NTY3NzIzMzkzMTo5NDU0NTA3ODk1MA--, Cambridge| Cambridge, boutique hotel|smoke free rooms|high-speed internet access, 3.5, 119.00, 24.66, 1, 143.66, 100, 4.5
5919214738, NTY3NzIzMzkzMTo5NDU0NTA3ODkyOQ--, Waterfront Area - Convention Center| Boston, smoke free rooms|fitness center|pool(s)|restaurant(s)|business center|high-speed internet access, 4.0, 145.00, 33.89, 1, 178.89, 95, 4.0
6314411397, NTY3NzIzMzkzMTo5NDU0NTA3ODkyOA--, Medford - Somerville| Somerville, fitness center|pool(s)|business center|high-speed internet access, 3.0, 76.00, 16.35, 1, 92.35, 85, 
6247936140, NTY3NzIzMzkzMTo5NDU0NTA3ODk0OQ--, Charlestown - Bunker Hill| Boston, smoke free rooms|fitness center|pool(s)|business center|laundry facilities|high-speed internet access|tennis nearby, 2.0, 66.00, 6.98, 1, 72.98, 75, 3.0
6082041976, NTY3NzIzMzkzMTo5NDU0NTA3ODkzOA--, Medford - Somerville| Somerville, airport shuttle|complimentary breakfast|fitness center|business center|laundry facilities|high-speed internet access, 2.5, 66.00, 14.19, 1, 80.19, 70, 3.5
6249984712, NTY3NzIzMzkzMTo5NDU0NTA3ODkyNA--, Quincy Market - Financial District| Boston, smoke free rooms|fitness center|pool(s)|restaurant(s)|business center|high-speed internet access|spa services, 4.5, 242.00, 45.15, 1, 287.15, 90, 4.0
6386076604, NTY3NzIzMzkzMTo5NDU0NTA3ODk0Nw--, Logan Intl Airport BOS - Saugus| Revere, smoke free rooms|airport shuttle|complimentary breakfast|fitness center|pool(s)|restaurant(s)|business center, 2.5, 85.00, 17.55, 1, 102.55, 100, 4.0
6787827533, NTY3NzIzMzkzMTo5NDU0NTA3ODkyMA--, Brookline - Newton - Harvard| Chestnut Hill, , 2.0, 77.00, 18.42, 1, 95.42, 90, 
5455799482, NTY3NzIzMzkzMTo5NDU0NTA3ODkyNw--, Watertown| Watertown, complimentary breakfast, 2.0, 67.00, 14.25, 1, 81.25, , 2.5
6675546267, NTY3NzIzMzQ5NDo5NDU0NTA5MTg0Ng--, Downtown Anchorage| Anchorage, smoke free rooms|fitness center|restaurant(s)|business center|high-speed internet access|tennis nearby, 4.0, 84.00, 17.61, 1, 101.61, , 3.5
5091271513, NTY3NzIzMzQ5NDo5NDU0NTA5MTgzOQ--, Midtown Anchorage| Anchorage, airport shuttle|fitness center|pool(s)|restaurant(s)|business center|high-speed internet access, 3.5, 75.00, 16.41, 1, 91.41, 90, 3.5
5406667541, NTY3NzIzMzQ5NDo5NDU0NTA5MTg0OQ--, Downtown Anchorage| Anchorage, airport shuttle|fitness center|business center|laundry facilities, 2.5, 47.00, 11.93, 1, 58.93, 90, 
5187304391, NTY3NzIzMzQ5NDo5NDU0NTA5MTgzOA--, Downtown Anchorage| Anchorage, laundry facilities|tennis nearby, 2.0, 43.00, 11.47, 1, 54.47, 70, 3.0
5291298519, NTY3NzIzMzQ5NDo5NDU0NTA5MTg0Mg--, Midtown Anchorage| Anchorage, fitness center|laundry facilities|high-speed internet access, 2.5, 64.00, 14.07, 1, 78.07, 75, 3.0
6547265298, NTY3NzIzMzQ5NDo5NDU0NTA5MTg0NA--, Downtown Anchorage| Anchorage, boutique hotel|smoke free rooms|complimentary breakfast|restaurant(s)|business center|tennis nearby, 3.0, 94.00, 20.89, 1, 114.89, , 4.0
5462094642, NTY3NzIzMzQ5NDo5NDU0NTA5MTg0OA--, Anchorage Intl Airport ANC| Anchorage, smoke free rooms|laundry facilities, 2.0, 59.00, 13.47, 1, 72.47, , 2.5
5589697748, NTY3NzIzMzQ5NDo5NDU0NTA5MTgzNg--, Midtown Anchorage| Anchorage, smoke free rooms|restaurant(s)|laundry facilities, 2.0, 83.00, 14.37, 1, 97.37, , 3.0
6850843318, NTY3NzIzMzQ5NDo5NDU0NTA5MTg0Nw--, Eagle River| Eagle River, complimentary breakfast|high-speed internet access, 2.0, 71.00, 14.89, 1, 85.89, , 3.5
